student,math,english,science,average
Alice,85.0,92,78.0,85.0
Bob,90.0,85,88.0,87.66666666666667
Charlie,0.0,76,67.0,47.666666666666664
David,72.0,90,0.0,54.0
Eve,88.0,89,95.0,90.66666666666667
